gene,star_allele,rsid,AFR,AMR,BEB,EAS,EUR,SAS,SAS_EXCL_BEB,BEB_EUR_diff,BEB_AFR_diff
VKORC1,2255C>T,rs7294,0.453858,0.402017,0.784884,0.112103,0.365805,0.758691,0.753102,0.41907900000000003,0.33102600000000004
CYP3A5,*3,rs776746,0.18003,0.79683,0.633721,0.713294,0.94334,0.667689,0.674938,-0.309619,0.45369099999999996
CYP3A4,*1G,rs2242480,0.850227,0.393372,0.372093,0.267857,0.081511,0.371166,0.370968,0.290582,-0.47813399999999995
MTHFR,C677T,rs1801133,0.090015,0.474063,0.122093,0.295635,0.364811,0.118609,0.117866,-0.242718,0.032077999999999995
VKORC1,-1639G>A,rs9923231,0.054463,0.410663,0.156977,0.884921,0.387674,0.145194,0.14268,-0.230697,0.10251400000000001
VKORC1,1542G>C,rs9934438,0.054463,0.412104,0.156977,0.884921,0.387674,0.145194,0.14268,-0.230697,0.10251400000000001
CYP2C19,*2,rs4244285,0.170197,0.105187,0.325581,0.3125,0.145129,0.357873,0.364764,0.180452,0.15538400000000002
SLCO1B1,*1B,rs2306283,0.8177,0.472622,0.563953,0.761905,0.402584,0.547035,0.543424,0.16136900000000004,-0.25374699999999994
CYP2B6,*6,rs3745274,0.374433,0.373199,0.366279,0.215278,0.235586,0.381391,0.384615,0.13069300000000003,-0.008153999999999995
CYP4F2,*3,rs2108622,0.082451,0.237752,0.412791,0.214286,0.290258,0.413088,0.413151,0.122533,0.33034
CYP2C19,*17,rs12248560,0.23525,0.119597,0.110465,0.014881,0.223658,0.135992,0.141439,-0.113193,-0.124785
SLCO1B1,*5,rs4149056,0.013616,0.134006,0.052326,0.123016,0.161034,0.042945,0.040943,-0.10870800000000001,0.038709999999999994
CYP2C9,*2,rs1799853,0.008321,0.099424,0.017442,0.000992,0.124254,0.034765,0.038462,-0.106812,0.009120999999999999
MTHFR,A1298C,rs1801131,0.151286,0.151297,0.412791,0.219246,0.313121,0.417178,0.418114,0.09967000000000004,0.261505
CYP2D6,*4,rs3892097,0.060514,0.129683,0.122093,0.001984,0.185885,0.109407,0.1067,-0.063792,0.061578999999999995
CYP2D6,*10,rs1065852,0.112708,0.148415,0.255814,0.571429,0.201789,0.164622,0.145161,0.05402499999999999,0.14310599999999998
CYP3A4,*22,rs35599367,0.000756,0.025937,0.0,0.0,0.049702,0.006135,0.007444,-0.049702,-0.000756
CYP2C9,*3,rs1057910,0.002269,0.037464,0.116279,0.03373,0.072565,0.109407,0.10794,0.04371399999999999,0.11401
CYP2C19,*3,rs4986893,0.002269,0.0,0.023256,0.055556,0.0,0.01227,0.009926,0.023256,0.020987
DPYD,C29R,rs1801265,0.558245,0.775216,0.80814,0.91369,0.785288,0.734151,0.718362,0.022851999999999983,0.24989499999999998
TPMT,*3A,rs1800460,0.003026,0.040346,0.017442,0.0,0.027833,0.00409,0.001241,-0.010391000000000001,0.014415999999999998
DPYD,c.2846A>T,rs67376798,0.000756,0.002882,0.0,0.0,0.006958,0.001022,0.001241,-0.006958,-0.000756
TPMT,*2,rs1800462,0.000756,0.005764,0.0,0.0,0.005964,0.0,0.0,-0.005964,-0.000756
F5,Leiden,rs6025,0.0,0.010086,0.017442,0.0,0.011928,0.011247,0.009926,0.005514,0.017442
DPYD,*2A,rs3918290,0.000756,0.001441,0.0,0.0,0.00497,0.00818,0.009926,-0.00497,-0.000756
G6PD,Mediterranean,rs1050829,0.337986,0.028626,0.0,0.0,0.003916,0.0,0.0,-0.003916,-0.337986
TPMT,*3C,rs1142345,0.066566,0.057637,0.02907,0.021825,0.028827,0.017382,0.014888,0.00024300000000000016,-0.037496
CYP2B6,*4,rs28399499,0.082451,0.010086,0.0,0.0,0.0,0.0,0.0,0.0,-0.082451
G6PD,A-,rs1050828,0.134596,0.013359,0.0,0.0,0.0,0.0,0.0,0.0,-0.134596
