rsid,gene,star_allele,function,beb_af,beb_hom_ref,beb_het,beb_hom_alt,sas_af,eur_af,eas_af,afr_af,beb_vs_eur,beb_vs_sas
rs28399499,CYP2B6,*4,no function,0.0,86,0,0,0.0,0.0,0.0,0.082451,,
rs3745274,CYP2B6,*6,decreased function,0.366279,35,39,12,0.381391,0.235586,0.215278,0.374433,1.55,0.96
rs12248560,CYP2C19,*17,increased function,0.110465,67,19,0,0.135992,0.223658,0.014881,0.23525,0.49,0.81
rs4244285,CYP2C19,*2,no function,0.325581,40,36,10,0.357873,0.145129,0.3125,0.170197,2.24,0.91
rs4986893,CYP2C19,*3,no function,0.023256,82,4,0,0.01227,0.0,0.055556,0.002269,,1.9
rs1799853,CYP2C9,*2,decreased function,0.017442,83,3,0,0.034765,0.124254,0.000992,0.008321,0.14,0.5
rs1057910,CYP2C9,*3,no function,0.116279,66,20,0,0.109407,0.072565,0.03373,0.002269,1.6,1.06
rs1065852,CYP2D6,*10,decreased function,0.255814,51,26,9,0.164622,0.201789,0.571429,0.112708,1.27,1.55
rs3892097,CYP2D6,*4,no function,0.122093,68,15,3,0.109407,0.185885,0.001984,0.060514,0.66,1.12
rs2242480,CYP3A4,*22,decreased function,0.372093,36,36,14,0.371166,0.081511,0.267857,0.850227,4.56,1.0
rs776746,CYP3A5,*3,no function,0.366279,35,39,12,0.332311,0.05666,0.286706,0.81997,6.46,1.1
rs2108622,CYP4F2,*3,decreased function,0.412791,29,43,14,0.413088,0.290258,0.214286,0.082451,1.42,1.0
rs67376798,DPYD,c.2846A>T,decreased function,0.0,86,0,0,0.001022,0.006958,0.0,0.000756,0.0,0.0
rs1801265,DPYD,rs1801265 (not *2A),no function,0.19186,2,29,55,0.265849,0.214712,0.08631,0.441755,0.89,0.72
rs6025,F5,Leiden,thrombophilia,0.017442,0,3,83,0.011247,0.011928,0.0,0.0,1.46,1.55
rs1050828,G6PD,A-,decreased function,0.244186,44,42,0,0.265849,0.238569,0.242063,0.343419,1.02,0.92
rs1050829,G6PD,Mediterranean,no function,0.244186,44,42,0,0.265849,0.241551,0.242063,0.497731,1.01,0.92
rs1801131,MTHFR,A1298C,decreased function,0.412791,29,43,14,0.417178,0.313121,0.219246,0.151286,1.32,0.99
rs1801133,MTHFR,C677T,decreased function,0.122093,65,21,0,0.118609,0.364811,0.295635,0.090015,0.33,1.03
rs2306283,SLCO1B1,*1B,decreased function,0.563953,19,37,30,0.547035,0.402584,0.761905,0.8177,1.4,1.03
rs4149056,SLCO1B1,*5,decreased function,0.052326,77,9,0,0.042945,0.161034,0.123016,0.013616,0.32,1.22
rs1800462,TPMT,*2,no function,0.0,86,0,0,0.0,0.005964,0.0,0.000756,0.0,
rs1800460,TPMT,*3A,no function,0.017442,83,3,0,0.00409,0.027833,0.0,0.003026,0.63,4.26
rs1142345,TPMT,*3C,no function,0.02907,81,5,0,0.017382,0.028827,0.021825,0.066566,1.01,1.67
rs9923231,VKORC1,-1639G>A,sensitivity,0.156977,60,25,1,0.145194,0.387674,0.884921,0.054463,0.4,1.08
rs9934438,VKORC1,1542G>C,sensitivity,0.156977,60,25,1,0.145194,0.387674,0.884921,0.054463,0.4,1.08
rs7294,VKORC1,2255C>T,sensitivity,0.784884,4,29,53,0.758691,0.365805,0.112103,0.453858,2.15,1.03
